Date,Return,SMA_ratio,Volatility_5D,Momentum_10D,Daily_Range,RSI_14,CPI_YoY,UNRATE_Diff,Rate_Differential_Change,target
2024-12-18,-0.0021200121370241742,0.9983040247665844,0.0027431909351199467,-0.0015008302030594667,0.004520389686964406,39.5937554065943,0.02768278464651197,0.10000000000000053,0.25,0
2024-12-19,-0.013796860409498679,0.9962543453686019,0.0065657777398160444,-0.015587476548773016,0.006734181629755111,27.27367651665449,0.02768278464651197,0.10000000000000053,-0.25,1
2024-12-20,0.0014199956440721362,0.9946718974945976,0.0068495681554614374,-0.020843954300533096,0.008569194053883091,30.625323766098546,0.02768278464651197,0.10000000000000053,0.0,1
2024-12-23,0.006572816929756531,0.9934274827652395,0.007584419323058624,-0.012530135272070142,0.005970247142934351,43.033735797185514,0.02768278464651197,0.10000000000000053,0.0,0
2024-12-24,-0.002611890288039209,0.9914851252951604,0.007494778848288718,-0.014152031764736561,0.0022865057325891507,39.640328385594316,0.02768278464651197,0.10000000000000053,0.0,0
2024-12-25,-0.0003120618074839987,0.9901414935031174,0.0075374966678123986,-0.01237910683642962,0.00302521705608644,38.991372840563415,0.02768278464651197,0.10000000000000053,0.0,0
2024-12-26,-0.00029107357560742564,0.9918507590188197,0.0034517002244770665,-0.010212298121635599,0.0032605147128949665,28.775502987871718,0.02768278464651197,0.10000000000000053,0.0,1
2024-12-27,0.0022721812206090153,0.9936237818336275,0.003501053025264493,-0.0048572347211987,0.003670685683399443,33.896493940694086,0.02768278464651197,0.10000000000000053,0.0,1
2024-12-30,0.000594492107253819,0.9941019400096717,0.0017674866172565566,-0.007675973754124543,0.008083283688406953,35.62676514724426,0.024578274243159948,0.10000000000000053,0.0,0
2024-12-31,-0.0022269349976842268,0.9945595370749498,0.0016322765001483624,-0.010572631101226415,0.0072773195324763815,35.54641326706684,0.024578274243159948,0.10000000000000053,0.0,0
2025-01-02,-0.005217249054994322,0.9943455344027566,0.0028739892466298936,-0.01364363263635715,0.013885674079345722,33.4013374425178,0.024578274243159948,0.10000000000000053,0.0,0
2025-01-03,-0.00808116751134591,0.9930016646937221,0.00421165041758346,-0.007927051682934949,0.003884092530470727,30.120099100177754,0.024578274243159948,0.10000000000000053,0.0,1
2025-01-06,0.003617188874099675,0.9920766515284182,0.0046184911859297045,-0.005750366600534851,0.013459842457019009,30.27438204880201,0.024578274243159948,0.10000000000000053,0.0,1
2025-01-07,0.007862458055476917,0.9921037594590789,0.0065021717979339136,-0.004476514182807589,0.00739057293353018,38.94930378702843,0.024578274243159948,0.0,0.0,0
2025-01-08,-0.003931263264369433,0.9919384483811239,0.006638326469342148,-0.0057934205823321205,0.007892060223986513,37.76805951633227,0.024578274243159948,0.0,0.0,0
2025-01-09,-0.0029809405322528404,0.9922646133317213,0.006365515609136172,-0.008447665658681158,0.003582507406156231,46.42482077349126,0.024578274243159948,0.0,0.0,0
2025-01-10,-0.0016578833712275198,0.9938290361336392,0.005007459660517342,-0.009803323698361788,0.008812660521443338,43.25961735777382,0.024578274243159948,-0.10000000000000053,0.0,0
2025-01-13,-0.005163311937805948,0.9937546023561422,0.005212337807104642,-0.017149233073158188,0.00648048117377804,30.537291625157735,0.024578274243159948,-0.10000000000000053,0.0,1
2025-01-14,0.002032546814788372,0.9925916392554456,0.0027612706512608427,-0.01573667965283454,0.006259465233264109,35.30202145348214,0.024578274243159948,-0.10000000000000053,0.0,1
2025-01-15,0.004050693063236022,0.9928528847691291,0.003743918311951124,-0.009544050030053874,0.007725075179273653,40.73214186806492,0.028606119475473424,-0.10000000000000053,0.0,0
2025-01-16,-0.001122253065001133,0.9934356050663272,0.0035536989566758415,-0.0054668651979497,0.004636246298616178,40.069744157905134,0.028606119475473424,-0.10000000000000053,0.0,1
2025-01-17,0.0006490050075860232,0.9937515314605619,0.003494277674719782,0.003286316572813197,0.006135339188062998,38.0708504398827,0.028606119475473424,-0.10000000000000053,0.0,0
2025-01-20,-0.0023843130829300785,0.9948094294054767,0.0025408644445502975,-0.0027132068103283835,0.014392382027901371,35.565835025823205,0.028606119475473424,-0.10000000000000053,0.0,1
2025-01-21,0.01394279770201634,0.9978746953147489,0.006564222293026799,0.00330333084233958,0.008586625044528961,51.12366076120204,0.028606119475473424,-0.10000000000000053,0.0,0
2025-01-22,-0.0014152030165982543,0.9997905506115693,0.0068019869505935885,0.00583766560668697,0.00550868121924164,54.45408252439577,0.028606119475473424,-0.10000000000000053,0.0,1
2025-01-23,0.00040599688560072345,1.0019755857685857,0.006663240325398402,0.009254560392779165,0.0038274640931902307,63.453056650157265,0.028606119475473424,-0.10000000000000053,0.0,1
2025-01-24,0.0005624851491667915,1.0041013667463445,0.006668514096166337,0.011499198796423471,0.010190456472708083,61.14918178084265,0.028606119475473424,-0.10000000000000053,0.0,1
2025-01-27,0.00495113811170067,1.0075627161326133,0.006191515402994524,0.021783055678773033,0.007585258280293657,58.6980335679978,0.028606119475473424,-0.10000000000000053,0.0,0
2025-01-28,-0.0021516145137691067,1.007957638040605,0.0027622499967992695,0.017516422662374076,0.0038784723272374715,61.094072247145625,0.028606119475473424,-0.10000000000000053,0.0,0
2025-01-29,-0.0015331053400753358,1.0082928909974282,0.0027827995234709782,0.011857737682165137,0.005896310256749655,63.18250157355007,0.028965932720523835,-0.10000000000000053,0.0,0
2025-01-30,-0.00036486163034166186,1.0082269577413212,0.0028068868648522143,0.012624971095829718,0.007114311295285598,65.1805917079229,0.028965932720523835,-0.10000000000000053,0.0,0
2025-01-31,-0.00268257458552168,1.0072369861878088,0.0030898442931480414,0.009253518496275426,0.0048356602425855925,69.33719821917643,0.02583270097034074,-0.10000000000000053,0.0,0
2025-02-03,-0.014377536010052872,1.0032717255847252,0.0057423625189402016,-0.0028796131254961166,0.011073730138797653,48.333424353303116,0.02583270097034074,-0.10000000000000053,0.0,1
2025-02-04,0.007766210111102678,1.001283928215198,0.00793183024567077,-0.008953724428593657,0.010676730038312487,51.82806649057484,0.02583270097034074,-0.10000000000000053,0.0,1
2025-02-05,0.004398011689169534,1.0000654801190119,0.0084877013884242,-0.003184394872754237,0.006364771194853571,56.50704462093516,0.02583270097034074,-0.10000000000000053,0.25,1
2025-02-06,0.0027041830597469563,0.9991785012201174,0.008659072780175261,-0.0008944567386282021,0.004879159147924827,58.01305083567074,0.02583270097034074,-0.10000000000000053,0.0,0
2025-02-07,-0.0014540054721770002,0.9985306282363696,0.008596674931788555,-0.00290801110192096,0.0078308776519488,58.914289189385364,0.02583270097034074,-0.20000000000000018,0.0,0
2025-02-10,-0.007135643922794088,0.9994385067091507,0.005747088923893179,-0.014900269313396608,0.0035410359593762365,39.87283904974641,0.02583270097034074,-0.09999999999999964,0.0,0
2025-02-11,-0.0009786114722859507,0.9987649320029011,0.004456120592466265,-0.013742252727844462,0.005750707107269926,40.22063174819397,0.02583270097034074,-0.09999999999999964,0.0,1
2025-02-12,0.006156768707821447,0.9983337079190869,0.004977639406120387,-0.006146409644966266,0.007471865206015124,46.18817404239494,0.030356652727771882,-0.09999999999999964,0.0,1
2025-02-13,0.0026084706288276305,0.9976975423055402,0.004964125747477107,-0.0031902741234464127,0.006395462882982714,48.043894703949476,0.030356652727771882,-0.09999999999999964,0.0,1
2025-02-14,0.006705875470178757,0.9983930853288672,0.005716841441966986,0.006193396599582401,0.00626853943441393,49.532454800821974,0.030356652727771882,-0.09999999999999964,0.0,1
2025-02-17,0.0026327820045104477,1.0007931705418514,0.003119007361035832,0.023558737067803648,0.0037850922258944857,53.463813168437945,0.030356652727771882,-0.09999999999999964,0.0,0
2025-02-18,-0.0003669738116622856,1.0040183367140518,0.002907972194117585,0.015298099450863134,0.004167119536176733,54.504059583783025,0.030356652727771882,-0.09999999999999964,0.0,0
2025-02-19,-0.003531586340879578,1.0054174123947968,0.00381953232004642,0.007282446576582391,0.005490888964723383,51.753637909213865,0.030356652727771882,-0.09999999999999964,0.0,0
2025-02-20,-0.00261560548386075,1.0059231219253233,0.004175910678661767,0.0019383683229905468,0.005668298981808731,51.803818229927465,0.030356652727771882,-0.09999999999999964,0.0,1
2025-02-21,0.007633917867490458,1.0062619719891106,0.004523276035179937,0.011057166187375955,0.0054794738270150115,71.50021597658935,0.030356652727771882,-0.09999999999999964,0.0,0
2025-02-24,-0.002451152351532815,1.0059502883509615,0.004565591103860665,0.015827494323417568,0.007092929842644504,63.8061517442146,0.030356652727771882,-0.09999999999999964,0.0,0
2025-02-25,-0.001286799161344221,1.0054098255795976,0.004589133710366025,0.015514122125832586,0.005783300355576341,58.81859886404651,0.030356652727771882,-0.09999999999999964,0.0,1
2025-02-26,0.005998783902478877,1.0064064256818395,0.004954046643138331,0.01535466804680996,0.004841726932445879,61.48133177274312,0.030356652727771882,-0.09999999999999964,0.0,0
2025-02-27,-0.0033563824334480463,1.0074010326657843,0.0051147180403321455,0.009313983593788544,0.00810626752546762,59.25145868382413,0.030356652727771882,-0.09999999999999964,0.0,0
2025-02-28,-0.008929464425346478,1.005386196972132,0.005351398489700692,-0.00636186332368871,0.00376763592256335,57.242112315499114,0.02582188301709687,-0.09999999999999964,0.0,1
2025-03-03,0.0018017084062638133,1.0034149161077972,0.005595187660860181,-0.007185481338603195,0.01053954271679376,59.597879587978355,0.02582188301709687,-0.09999999999999964,0.0,1
2025-03-04,0.0068361476632621265,1.0031108291072812,0.006630608355849209,-3.149243203892649e-05,0.008373612512871657,60.127110380144885,0.02582188301709687,-0.09999999999999964,0.0,1
2025-03-05,0.013538875107199866,1.0038606486644401,0.008728042831420304,0.017098928987993922,0.01721822078198293,66.6007033097325,0.02582188301709687,-0.09999999999999964,0.0,1
2025-03-06,0.015803682242369943,1.0078230192064956,0.009924469596372963,0.035882296686623016,0.006351312596136846,70.67195710075141,0.02582188301709687,-0.09999999999999964,0.0,0
2025-03-07,-0.000647234466842117,1.0133850441598706,0.007153709561481915,0.027368987490506314,0.00959601484708147,69.0150164277747,0.02582188301709687,0.0,0.0,1
2025-03-10,0.0067335647250317265,1.0192403656248732,0.006486208282371155,0.03682826710932474,0.006188555962630478,71.96058896089036,0.02582188301709687,0.09999999999999964,0.0,0
2025-03-11,-0.001951039928978826,1.0233655285186098,0.008038510709564897,0.03613867614019406,0.008621923112158246,73.32007324799108,0.02582188301709687,0.09999999999999964,0.0,1
2025-03-12,0.006897692458530891,1.026142399589577,0.007121439089964888,0.037064516147301996,0.005252597627429285,77.83351588760398,0.028036932494036382,0.09999999999999964,0.25,0
2025-03-13,-0.002558252061335975,1.0254721041463726,0.004725594297295224,0.03789501631164138,0.0069999632065008855,73.11494243019177,0.028036932494036382,0.09999999999999964,0.0,0
2025-03-14,-0.002811636557319863,1.0248440440516577,0.00507965343808611,0.04430188931104473,0.00726074006201372,72.690647236732,0.028036932494036382,0.09999999999999964,0.0,1
2025-03-17,0.002361313594480885,1.0233428518053482,0.004202952676537101,0.0448852350474509,0.005491091847773989,74.66389031642831,0.028036932494036382,0.09999999999999964,0.0,1
2025-03-18,0.0034831765334208953,1.0227566681968916,0.004149285841480791,0.04140555264307699,0.005258486960609603,73.9019556368441,0.028036932494036382,0.09999999999999964,0.0,1
2025-03-19,0.0018596741869165712,1.020877838817833,0.0029379794872746497,0.029405238705902503,0.006376909005336666,77.7721135157291,0.028036932494036382,0.09999999999999964,0.0,0
2025-03-20,-0.002520622057834987,1.0190152898845866,0.0029283253360590216,0.010835572960419038,0.009091969779666342,84.66761029676367,0.028036932494036382,0.09999999999999964,0.0,0
2025-03-21,-0.005059227151979595,1.0173417525621322,0.003643931009934313,0.006372885401437989,0.005124042769385574,78.32182653191917,0.028036932494036382,0.09999999999999964,0.0,0
2025-03-24,-0.001928790453157081,1.0147832786581492,0.003456504552561193,-0.002286366341526236,0.006108785156291255,73.97045092725818,0.028036932494036382,0.09999999999999964,0.0,0
2025-03-25,-0.0029709464430933696,1.011017542674966,0.002519819068955174,-0.003305930185485084,0.004819319118350168,64.1984988928616,0.028036932494036382,0.09999999999999964,0.0,0
2025-03-26,-0.0014886306947903272,1.006956534065645,0.0013865312419869336,-0.011607268660156156,0.0031056889006763027,49.207174619441275,0.028036932494036382,0.09999999999999964,0.0,0
2025-03-27,-0.004210979976130513,1.0026211651890689,0.0015043865870384265,-0.013245002654388105,0.0071404204639303505,45.48664847069417,0.028036932494036382,0.09999999999999964,0.0,1
2025-03-28,0.005486903144057864,0.9997048905158608,0.0037872753267075322,-0.005033288778450995,0.007350778436200856,43.97686607626966,0.028036932494036382,0.09999999999999964,0.0,1
2025-03-31,0.0021215078090845996,0.9975910726390746,0.003973542722667061,-0.0052713254727962955,0.005794316787483016,48.44004399383318,0.02416487845498505,0.09999999999999964,0.0,0
2025-04-01,-0.0004652105854351385,0.9963367571752029,0.003686288982411393,-0.00918526641082773,0.004726663496972905,38.83361691071084,0.02416487845498505,0.09999999999999964,0.0,0
2025-04-02,-0.002116018504694228,0.9957171190759283,0.003771603503572136,-0.013117129321936205,0.008393686140667782,39.29671000737895,0.02416487845498505,0.09999999999999964,0.0,1
2025-04-03,0.010439658179454803,0.9982670774488775,0.00501105506408801,-0.0002945298294479981,0.023001841572325973,55.265773419345074,0.02416487845498505,0.09999999999999964,0.0,1
2025-04-04,0.012380016951382578,1.0015614404158186,0.006546994080729393,0.017228229516181637,0.01292496549068,63.248328515075926,0.02416487845498505,0.20000000000000018,0.0,0
2025-04-07,-0.005360440510336351,1.0039463958505253,0.007927934008521514,0.013730712226239561,0.013347978361070763,55.151447966946556,0.02416487845498505,0.10000000000000053,0.0,0
2025-04-08,-0.00629822288861126,1.0053706339663342,0.008927042769809962,0.01034769915469913,0.00915855227599198,48.23508888229855,0.02416487845498505,0.10000000000000053,0.0,1
2025-04-09,0.005962451246217304,1.0084567044299786,0.008768714909136588,0.017887106042523193,0.011164182552634527,54.75380936473654,0.02416487845498505,0.10000000000000053,0.0,0
2025-04-10,-0.0025847176829951746,1.0089490047730192,0.00807059231196755,0.01954945759083193,0.02485540840485995,56.870070354797036,0.023652435704448527,0.10000000000000053,0.0,1
2025-04-11,0.027919435356977162,1.0110162648012981,0.014256526708972352,0.04229572706341789,0.019627565675913585,71.55952353406103,0.023652435704448527,0.10000000000000053,0.0,1
2025-04-14,0.007577279343956134,1.0154454628242762,0.013290665360357758,0.0479702159495643,0.011028219028330849,76.14274063686204,0.023652435704448527,0.10000000000000053,0.0,0
2025-04-15,-0.0003062430815494732,1.0212498225279396,0.012059582475116577,0.04813688669593574,0.008130437703280653,77.08456856175557,0.023652435704448527,0.10000000000000053,0.0,0
2025-04-16,-0.004144378660155601,1.025301995569597,0.013217890160596688,0.0460063794046397,0.008498170586235799,76.96602842990956,0.023652435704448527,0.10000000000000053,0.0,1
2025-04-17,0.009220013132087201,1.0311366620118605,0.012398754719899976,0.044743803762612444,0.004831218533352594,77.94212362465336,0.023652435704448527,0.10000000000000053,0.0,1
2025-04-22,0.010177273336324122,1.0326945490779917,0.006360124703544411,0.042470642790865876,0.008041215956023943,79.71320326286822,0.023652435704448527,0.10000000000000053,0.0,0
2025-04-23,-0.01403016623455533,1.030431038949823,0.01003160960033207,0.03338399983330631,0.00899284938723211,70.23186278507163,0.023652435704448527,0.10000000000000053,0.25,0
2025-04-24,-0.0021068835399171704,1.02777026639603,0.010085752210589117,0.03774271501383342,0.006355254161229687,70.17730650558428,0.023652435704448527,0.10000000000000053,0.0,1
2025-04-25,0.003934726147248657,1.0264920631139796,0.00993728621574791,0.035650930229124356,0.005992800211584592,68.54982618384507,0.023652435704448527,0.10000000000000053,0.0,0
2025-04-28,-0.0025294967307852856,1.022755560779445,0.008980437896236357,0.03570826806175864,0.006803451739968306,63.10528034998481,0.023652435704448527,0.10000000000000053,0.0,1
2025-04-29,0.005818618549439769,1.0181110010778174,0.007764216555982227,0.013439987191540936,0.004222687137375671,68.47556693041636,0.023652435704448527,0.10000000000000053,0.0,0
2025-04-30,-0.0017425088679668965,1.0162179284835973,0.003903032498323854,0.004065970687051168,0.006303219822135343,71.54529619179654,0.023652435704448527,0.10000000000000053,0.0,0
2025-05-01,-0.00565124200256939,1.013881259206543,0.004761928320437208,-0.001302404870777707,0.006532832477931085,65.67045353475972,0.023652435704448527,0.10000000000000053,0.0,0
2025-05-02,-0.002507785777999927,1.0102811556497377,0.004265317467473458,0.0003388585218166984,0.009153889907230648,65.66931388520717,0.023652435704448527,0.10000000000000053,0.0,1
2025-05-05,0.002366562932993199,1.0080674127046048,0.004475757750463791,-0.006454281189930744,0.004564349164130859,53.98729751692478,0.023652435704448527,0.10000000000000053,0.0,0
2025-05-06,-0.0008710742701883989,1.0051622553462805,0.0028934808098207815,-0.01732072884631297,0.007069186758496164,48.0007620718749,0.023652435704448527,0.10000000000000053,0.0,1
2025-05-07,0.0025974827882915275,1.0027436183855778,0.0034650133549716054,-0.0007485727182000579,0.004465268655478779,50.20035584435678,0.02045931285060676,0.0,0.0,0
2025-05-08,-0.0032222829801346053,1.00068021287644,0.0027038115193802857,-0.0018654904163403208,0.008900467750341538,50.890309871437154,0.02045931285060676,0.0,0.0,0
2025-05-09,-0.0072507998190278755,0.9983260021647594,0.0041207508051448564,-0.01298639218814257,0.008134510051654898,38.30747235527411,0.02045931285060676,0.0,0.0,1
2025-05-12,0.0004828175986058003,0.9954522621407673,0.0037761667143821945,-0.010005657194605333,0.014946746906352474,27.43438166848135,0.02045931285060676,0.0,0.0,0
2025-05-13,-0.011938820247321957,0.9923196369753673,0.005867931746128867,-0.027483722948508427,0.007277243599213334,28.69006219819964,0.02271341317403519,0.0,0.0,1
2025-05-14,0.008109462705120363,0.9902327507718254,0.007636961734982931,-0.01788579575939142,0.007342436554985679,39.3551932522805,0.02271341317403519,0.0,0.0,0
2025-05-15,-0.00032419902750946417,0.9887257734764612,0.00770316701450291,-0.01262429718524627,0.0047351393372531995,34.80227044718502,0.02271341317403519,0.0,0.0,1
2025-05-16,0.0009625714399328356,0.9886051211055152,0.0072127793118907995,-0.009189136140157594,0.007013868830193952,37.60754593961913,0.02271341317403519,0.0,0.0,0
2025-05-19,-0.0004587228270362953,0.98877554307146,0.007191606497300388,-0.011981850829636653,0.010054550946982916,29.713931488490473,0.02271341317403519,0.0,0.0,1
2025-05-20,0.004100138468513759,0.9924436042255815,0.003644101033560948,-0.007065920279796023,0.0052144241858782985,36.38153617922091,0.02271341317403519,0.0,0.0,1
2025-05-21,0.004853828028530183,0.9945379461890644,0.002496410866711446,-0.00483132252435714,0.006635320243704129,46.71490446075927,0.02271341317403519,0.0,0.0,1
2025-05-22,0.003829962183004465,0.9971677233418246,0.0022838212302199825,0.002209538614892592,0.006835878425158877,53.005269213212074,0.02271341317403519,0.0,0.0,0
2025-05-23,-0.0043547334541853555,0.9991475281875529,0.003921346591151107,0.005133202854337826,0.00856507721555689,46.549393758696084,0.02271341317403519,0.0,0.0,1
2025-05-26,0.008063275420608917,1.0023020032968106,0.004599434440108515,0.012748895713531994,0.004360702483782845,54.36533505154639,0.02271341317403519,0.0,0.0,1
2025-05-27,0.0013780624862818058,1.0051443747242361,0.004641731174726141,0.026398514339556423,0.0073632786310732995,53.427252194299115,0.02271341317403519,0.0,0.0,0
2025-05-28,-0.004512133069928481,1.0062489163066428,0.00540895827166851,0.013547938453340347,0.00540921807814245,52.2649009400816,0.02271341317403519,0.0,0.0,0
2025-05-29,-0.009121845100342862,1.0049254706483255,0.0066112603481397235,0.004628210645897246,0.012669501849419791,50.67213503711487,0.02271341317403519,0.0,0.0,1
2025-05-30,0.012880357778047635,1.0062733631360228,0.008962298797848498,0.016589641278110134,0.006682539759037155,58.82482755498719,0.02271341317403519,0.0,0.0,0
2025-06-02,-0.0022025434804063826,1.0057931936978577,0.008302457355626146,0.014816077691544915,0.008210859241708002,67.56487123243156,0.02271341317403519,0.0,0.0,1
2025-06-03,0.008819226592268192,1.0063204531658947,0.009290127474150622,0.019585528781685957,0.0076402156404704324,68.00739787455346,0.02271341317403519,0.0,0.0,0
2025-06-04,-0.006022474969410441,1.00697412381726,0.009542308408392906,0.008549773297625407,0.006606191153678735,62.51487954931171,0.022654641232340955,0.0,0.0,1
2025-06-05,0.003300948975710094,1.009794875460597,0.007736544138861255,0.00801827277424172,0.007713402017741472,63.717293687676374,0.022654641232340955,0.0,0.0,1
2025-06-06,0.002783278827282354,1.0101045259811339,0.005670598823342804,0.015244990012569959,0.007542953275300101,65.43364103697971,0.022654641232340955,0.0,0.0,0
2025-06-09,-0.004015539686889502,1.0102730304578316,0.006001706545222758,0.0030801221692697833,0.004625067048320038,60.107662526615115,0.022654641232340955,0.0,0.0,1
2025-06-10,0.0017713400708556648,1.0083415913028266,0.004278513169308119,0.0034740682145839585,0.006449458000601259,58.45515177241691,0.022654641232340955,0.0,0.0,1
2025-06-11,0.0008235503479774309,1.00815626585225,0.002925472270403282,0.008852556616037344,0.00742565718030146,56.68692917921822,0.02348152286694849,0.0,0.25,1
2025-06-12,0.0062840581474452595,1.008240314350839,0.00372431540868445,0.024537920958421333,0.010936505830458835,63.91960121549331,0.02348152286694849,0.0,0.0,1
2025-06-13,0.00789975565342127,1.0090085516330638,0.004723777413394276,0.019499995494964173,0.010273662549960184,63.91749569256671,0.02348152286694849,0.0,0.0,0
2025-06-16,-0.0037559350278424386,1.0099869218618787,0.004634111334846313,0.017912816989682057,0.00778373192909345,59.952598946173,0.02348152286694849,0.0,0.0,0
2025-06-17,-0.0004620169272109287,1.0107411735054164,0.004837664359915544,0.008547911477330361,0.005329221315523029,63.4078762432522,0.02348152286694849,0.0,0.0,0
2025-06-18,-0.00594800541714724,1.0106708365000223,0.006090282590832228,0.008623472654029296,0.004150706967729009,66.28747642734476,0.02348152286694849,0.0,0.0,0
2025-06-19,-0.0004476588490744948,1.0094664467174643,0.005263858043521453,0.004854978419361,0.0033457543672257535,57.93350469527915,0.02348152286694849,0.0,0.0,1
2025-06-20,0.0030739436330802228,1.0069176078872464,0.0034633607729303213,0.005146243723962884,0.0033401607580501986,62.55778149114737,0.02348152286694849,0.0,0.0,0
2025-06-23,-0.0010350377251370224,1.0053786286794646,0.0032275741676218586,0.008154162492419958,0.008365065674726302,54.33688098680151,0.02348152286694849,0.0,0.0,1
2025-06-24,0.008536921477964032,1.0052874106306502,0.00537317120094984,0.014962851046811165,0.004566605659372102,68.62956960201693,0.02348152286694849,0.0,0.0,1
2025-06-25,0.0011379258177608431,1.0063417645474386,0.00385712840346596,0.015281667908184637,0.0034829899345615095,67.24282895177657,0.02348152286694849,0.0,0.0,1
2025-06-26,0.006157340641507414,1.0079608300308327,0.0038318396616510105,0.015153817367633993,0.006403507384679271,69.44290985341856,0.02348152286694849,0.0,0.0,1
2025-06-27,0.0007249234392081583,1.0097051621285869,0.0040464988033200415,0.007927346411195746,0.005695371395595903,75.67842787727695,0.02348152286694849,0.0,0.0,1
2025-06-30,0.003013925168278586,1.0119984750279305,0.003357488342830114,0.014776598981891764,0.005335901141943631,76.321255577936,0.02348152286694849,0.0,0.0,1
2025-07-01,0.005092043354438136,1.0137953607376735,0.002384076671028866,0.020415334576336708,0.005303103472513336,78.24541403653365,0.02348152286694849,0.0,0.0,1
2025-07-02,0.0015583858686389895,1.015292880097809,0.0022979043798235423,0.028120803522718063,0.00514813185712422,76.18729435372529,0.02348152286694849,0.0,0.0,0
2025-07-03,-0.00044844072685967795,1.0156469791356422,0.002144981443554821,0.02811999929788289,0.007838252112915523,70.83558955761444,0.024056936773476423,-0.10000000000000053,0.0,0
2025-07-04,-0.002436668096811645,1.0156231960093878,0.0029320655417796803,0.022471791442590483,0.0025663712602065716,73.09213376016567,0.024056936773476423,-0.10000000000000053,0.0,1
2025-07-07,0.0007892943572744837,1.014911021357873,0.002782535040419484,0.02433905222042787,0.006028371342008049,74.45714605210992,0.024056936773476423,-0.10000000000000053,0.0,0
2025-07-08,-0.003755652578407487,1.0126945097020623,0.0022140923473398287,0.011853873552104544,0.006828623787012756,78.55398104328941,0.024056936773476423,-0.10000000000000053,0.0,0
2025-07-09,-0.001020078368183408,1.0100555679108956,0.0017651696077385641,0.009672770590785973,0.0032395623957388498,77.36515213131725,0.024056936773476423,-0.10000000000000053,0.0,1
2025-07-10,0.0005631767029690149,1.007909296772301,0.0019464865764104796,0.004059061109362494,0.007256612204391952,75.82966988035383,0.024056936773476423,-0.10000000000000053,0.0,0
2025-07-11,-0.0024225628397964716,1.0062874522415113,0.0019442043225822404,0.0009010882797348962,0.004086899247405872,72.98065258512835,0.024056936773476423,-0.10000000000000053,0.0,0
2025-07-14,-0.0017639848026551608,1.004055228550693,0.0016073366763013739,-0.003866757080744798,0.0035953284506474253,61.4815986606422,0.024056936773476423,-0.10000000000000053,0.0,0
2025-07-15,-0.0013532100753280707,1.0023575013851074,0.0011155014264449972,-0.010254561305124144,0.007709270007357149,57.41841121923447,0.02699577382454521,-0.10000000000000053,0.0,0
2025-07-16,-0.005049252023215933,0.9998158037447612,0.002032257302617631,-0.016784264971215324,0.013155508285623499,39.14618729516392,0.02699577382454521,-0.10000000000000053,0.0,1
2025-07-17,0.002443466592228827,0.9975062243927247,0.002692913429184779,-0.013939620536424613,0.005703746156300245,42.40360556874319,0.02699577382454521,-0.10000000000000053,0.0,0
2025-07-18,-0.0017422791502890167,0.9955755215119914,0.002659784378101734,-0.013253238623411545,0.004899950450400523,34.30252185102863,0.02699577382454521,-0.10000000000000053,0.0,1
2025-07-21,0.0013141727864731667,0.9941449251673297,0.0029244617742293717,-0.012735725003862886,0.008752249892559655,24.94845282096709,0.02699577382454521,-0.10000000000000053,0.0,1
2025-07-22,0.005484812962579078,0.9942219390908681,0.004034533184021174,-0.00357855233175719,0.005926143389102445,34.48100000000001,0.02699577382454521,-0.10000000000000053,0.0,1
2025-07-23,0.003815255517533478,0.9959335208788576,0.0027278507228483684,0.0012443978457550298,0.0034239084406852568,42.30525516011136,0.02699577382454521,-0.10000000000000053,0.0,1
2025-07-24,0.002990702834968051,0.9979133688494495,0.002747802492296196,0.0036735767290889676,0.004616395981398747,50.343759421609256,0.02699577382454521,-0.10000000000000053,0.0,0
2025-07-25,-0.0015400473566333783,1.000041703235837,0.002672550309437284,0.004561485214696459,0.004532559002157628,47.00941472515077,0.02699577382454521,-0.10000000000000053,0.0,1
2025-07-28,5.871164147408514e-05,1.0020678785535648,0.0028543854270832157,0.006395731444179598,0.013669376741030042,52.75146426734886,0.02699577382454521,-0.10000000000000053,0.0,0
2025-07-29,-0.013614622984389979,1.0012125769567317,0.007026535577454643,-0.00596082318319302,0.006983608764949659,37.631855809961515,0.02699577382454521,-0.10000000000000053,0.0,0
2025-07-30,-0.003950425906899313,0.9990842006777862,0.006338894556391021,-0.0048630038083653515,0.009816365631935569,33.78974478843881,0.02699577382454521,-0.10000000000000053,0.0,0
2025-07-31,-0.010526402697315196,0.9947641633581603,0.005899877556649238,-0.01773834012001907,0.004700740682950274,28.939383921421694,0.02699577382454521,-0.10000000000000053,0.0,0
2025-08-01,-0.0004912575965008159,0.9905468152103122,0.006109215815228955,-0.016507364909605804,0.01648661035541538,29.625340074341608,0.02699577382454521,0.10000000000000053,0.0,1
2025-08-04,0.014263281535664252,0.9884514852363574,0.010890848338734351,-0.0037887263125171433,0.0032695749583419587,44.90395121564128,0.02699577382454521,0.10000000000000053,0.0,0
2025-08-05,-0.00022017339786817303,0.9888814656616356,0.009082550746148341,-0.009441095851312253,0.00501725140036421,48.39527777138177,0.02699577382454521,0.10000000000000053,0.0,0
2025-08-06,-0.00042840360126583654,0.989984265514247,0.008851140691300314,-0.013628713346855559,0.007025927003866551,45.966189034805204,0.025407132878730865,0.10000000000000053,0.0,1
2025-08-07,0.007254479395229829,0.9942931441765221,0.006585780802479135,-0.009435586970051202,0.006952838444551151,53.11615834278521,0.025407132878730865,0.10000000000000053,0.0,1
2025-08-08,0.0011559956311337771,0.9987530306038628,0.006336704513700293,-0.0067608635296060315,0.004153205832640129,53.006700991484394,0.025407132878730865,0.10000000000000053,0.0,0
2025-08-11,-0.0024576614146443188,0.9999532982114496,0.003694892338969251,-0.009260076997977262,0.007355328941907854,46.80159040648996,0.025407132878730865,0.10000000000000053,0.0,0
2025-08-12,-0.0025329006384293695,1.0007493147769195,0.004025331863623116,0.0018705672710863652,0.00819596271883518,41.537090837364644,0.02742286323014409,0.10000000000000053,0.0,1
2025-08-13,0.005044498085522431,1.0021328002350764,0.0044027602844276216,0.010918058316954138,0.005030306488936113,43.40219565400325,0.02742286323014409,0.10000000000000053,0.0,1
2025-08-14,0.0030687789312298097,1.002655327358118,0.003353912020505147,0.02480788281743629,0.006588986377978007,47.134073012356254,0.02742286323014409,0.10000000000000053,0.0,0
2025-08-15,-0.0052547013700186,1.0020659499220492,0.004301827042591866,0.019923868779980314,0.005785535843219314,43.53072612627367,0.02742286323014409,0.10000000000000053,0.0,1
2025-08-18,0.004741219356902748,1.00274688604071,0.004643175488942534,0.01034866412362967,0.004211422642539655,57.730284134005466,0.02742286323014409,0.10000000000000053,0.0,0
2025-08-19,-0.003267246064411977,1.003716939872511,0.004792601415859789,0.007269380349127941,0.004491366670099402,58.35158106487599,0.02742286323014409,0.10000000000000053,0.0,0
2025-08-20,-0.002212071132819071,1.0035401583216497,0.004282716084175855,0.00547197664565191,0.004183706276378545,67.55821580202111,0.02742286323014409,0.10000000000000053,0.0,1
2025-08-21,0.0007923034548853458,1.0030172480049129,0.0039012150852176953,-0.0009787634097025988,0.005086350818757713,68.66944914046547,0.02742286323014409,0.10000000000000053,0.0,0
2025-08-22,-0.003321295517033751,1.0029756911642373,0.003448597175746077,-0.005446507656289623,0.012636660718034314,52.710932694169344,0.02742286323014409,0.10000000000000053,0.0,1
2025-08-25,0.008313816789309092,1.003231380637136,0.004907336009847604,0.005292696937911456,0.004484091279752688,60.80894011715316,0.02742286323014409,0.10000000000000053,0.0,0
2025-08-26,-0.007784397121532227,1.0022791100583475,0.0059732907028838605,0.0,0.005335071025178679,52.946520382342165,0.02742286323014409,0.10000000000000053,0.0,1
2025-08-27,0.0018041788739109332,1.0018441319141673,0.006012956064023499,-0.0032240554699657364,0.005846978741778599,48.03201238781443,0.02742286323014409,0.10000000000000053,0.0,1
2025-08-28,0.0007338296814596301,1.0008377780476745,0.006010991385646429,-0.00554435622376781,0.004994365475588964,47.60305002997059,0.02742286323014409,0.10000000000000053,0.0,1
2025-08-29,0.0028852694977008486,1.000906423922076,0.00580404629559369,0.002593244406993156,0.004543532775063442,52.78424106913593,0.02742286323014409,0.10000000000000053,0.0,1
2025-09-01,0.0008769080505832694,1.0001495627918462,0.004273276766446329,-0.0012628056239605279,0.004036074975458299,56.277416643203125,0.02742286323014409,0.0,0.0,1
2025-09-02,0.0020620331010148263,1.0012560561052808,0.0008879687097936934,0.00407719077999924,0.008756595936923205,53.53364514149543,0.02742286323014409,0.0,0.0,0
2025-09-03,-0.006818667442679227,1.0009539482516367,0.0038847417774600184,-0.0005584418509879674,0.006224255983450886,43.52775853935178,0.025502911298512343,0.0,0.0,1
2025-09-04,0.0020988615312806935,1.0011798852829488,0.0040000384926131005,0.0007463527953903704,0.0030612913591002927,50.81757289204098,0.025502911298512343,0.0,0.0,0
2025-09-05,-0.00030312345978267263,1.0008419338639498,0.0037129394053835828,0.003776842626082466,0.00908695051034266,45.08176017487495,0.025502911298512343,0.09999999999999964,0.0,1
2025-09-08,0.00482587972341042,1.0009284614040135,0.004411258103181685,0.0003045997618176255,0.004276328712059516,54.28585755900092,0.025502911298512343,0.09999999999999964,0.0,1
2025-09-09,0.004778174989349404,1.00119431435108,0.004819596941338345,0.012969587725017107,0.005243264054181104,61.44425120523082,0.025502911298512343,0.09999999999999964,0.0,0
2025-09-10,-0.00564072504420543,1.0022272245262434,0.004353205189008803,0.0054417081137903,0.003549972303085532,54.17797917846749,0.025502911298512343,0.09999999999999964,0.0,1
2025-09-11,5.857199639236477e-05,1.0030042781234993,0.004337836517227969,0.004763273728788153,0.006558151506796042,57.89635937194063,0.02942496681215201,0.09999999999999964,0.0,1
2025-09-12,0.0026755139493517266,1.003979102884621,0.0043625846910920205,0.004553125391932422,0.003878067660725206,52.47955839551624,0.02942496681215201,0.09999999999999964,0.0,0
2025-09-15,-0.0007035886474966446,1.0041216974892615,0.003938043856324001,0.002966823535073493,0.004882435451678141,62.735652858186725,0.02942496681215201,0.09999999999999964,0.0,1
2025-09-16,0.0031762058226916245,1.0036193517721999,0.0035187082147883045,0.004082002275127561,0.008008603041424835,64.11334848976941,0.02942496681215201,0.09999999999999964,0.0,1
2025-09-17,0.009152790526439691,1.0055214901863456,0.0038819997695770676,0.020228755109872987,0.0032549212684412315,70.70626286906035,0.02942496681215201,0.09999999999999964,0.0,0
2025-09-18,-0.003796270085562381,1.0068717446146682,0.00484400132605755,0.014226969236700304,0.008205809818586558,63.13696730549985,0.02942496681215201,0.09999999999999964,-0.25,0
2025-09-19,-0.0029830694629607857,1.0070682156176733,0.0053143764805557245,0.011508071562509103,0.005385469302582332,58.61500258665287,0.02942496681215201,0.09999999999999964,0.0,0
2025-09-22,-0.004589194686919318,1.00712923200044,0.005874700805412385,0.002030385972811244,0.0050878213646854634,51.735579778843395,0.02942496681215201,0.09999999999999964,0.009999999999999787,1
2025-09-23,0.005463925860591745,1.006981840110043,0.006242775837533751,0.0027142615060347097,0.0032452262061865166,63.980008077544426,0.02942496681215201,0.09999999999999964,0.0,1
2025-09-24,0.001134202821486019,1.005259892479797,0.004211906512478321,0.009546114904199543,0.007215944154050999,63.293692032571855,0.02942496681215201,0.09999999999999964,0.0,0
2025-09-25,-0.005907559229970993,1.0034540471847495,0.004651022060218353,0.003523383067043362,0.007356774322421597,56.797113332003754,0.02942496681215201,0.09999999999999964,0.0,0
2025-09-26,-0.0069743194983751255,1.001347972330996,0.005293812728355598,-0.006134610344358138,0.003673455286447537,46.244889405128525,0.02942496681215201,0.09999999999999964,0.0,1
2025-09-29,0.003898836318379839,1.0007885068018842,0.005673285034064582,-0.0015571988475223675,0.00423068558447239,45.39090395694292,0.02942496681215201,0.09999999999999964,0.0,1
2025-09-30,0.001982573876127436,0.9995357467299354,0.004926350416168477,-0.0027451987396204247,0.003945006670021323,52.323251432366064,0.02942496681215201,0.09999999999999964,0.0,1
2025-10-01,0.0003755697563918581,0.9977719284629828,0.004848585056809983,-0.011418935399543195,0.0052800763534328575,52.6087749090944,0.02942496681215201,0.09999999999999964,0.0,0
2025-10-02,-0.0001525687209337212,0.9972786103735978,0.004116601694804537,-0.007803114593050053,0.006265313806162644,49.94177847616746,0.027576695499640813,0.09999999999999964,0.0,0
2025-10-03,-0.0007620456756015637,0.9980505828619668,0.0018820463156333854,-0.005592828271186345,0.0034538323040429796,49.883993520540095,0.027576695499640813,0.09999999999999964,0.0,0
2025-10-06,-0.0010776005590223958,0.9981258577753679,0.001205205879508829,-0.002084774745603868,0.006618632076767949,45.48655287522832,0.027576695499640813,0.0,0.0,0
2025-10-07,-0.00018737642672239652,0.9980156763949619,0.0005679959403439831,-0.00769364886826196,0.004767236593890383,32.57509733646185,0.027576695499640813,0.0,0.0,0
2025-10-08,-0.0047551225397653996,0.9968366828146753,0.0019231135333405223,-0.013531043039174295,0.004234707602548537,31.84384578157767,0.027576695499640813,0.0,0.009999999999999787,0
2025-10-09,-0.0019424973329146278,0.9954009608963795,0.0017984476145454424,-0.009596388359731645,0.008628762055091627,32.718260288553424,0.027576695499640813,0.0,0.0,0
2025-10-10,-0.005632840619910651,0.9934100604362291,0.002363394198526339,-0.008258451635377084,0.005974871158724289,31.926894850696485,0.027576695499640813,0.0,0.0,1
2025-10-13,0.0031094642734201816,0.9920582770648404,0.003539553733525301,-0.009038264327435819,0.006059814610503898,27.604427028741284,0.027576695499640813,0.0,0.0,0
2025-10-14,-0.0030652003132498606,0.9904432780492095,0.0034273705550776417,-0.014030517887932303,0.005364129117951787,23.415915204910377,0.027576695499640813,0.0,0.0,1
2025-10-15,0.0030629787385783036,0.9906878519172589,0.0038715460115695977,-0.011381809420336397,0.003937142577085294,33.49463182766577,0.027576695499640813,0.0,0.0,1
2025-10-16,0.0037966881314348555,0.9916959795893205,0.004308905311479061,-0.007476906490767932,0.003000620800448737,47.91166179433194,0.027576695499640813,0.0,0.010000000000000675,1
2025-10-17,0.004574577684245407,0.9943622143470546,0.0030592658430748368,-0.0021761451424960887,0.006007028289328154,48.924825408518814,0.027576695499640813,0.0,0.0,0
2025-10-20,-0.003602179138539885,0.995642610166799,0.003954427500758146,-0.004697947368088928,0.0026944516935501683,41.197195084589985,0.027576695499640813,0.0,0.0,0
2025-10-21,-0.0011179075454055276,0.9976391425452781,0.0035331596749321368,-0.005624280473539356,0.0049692610154,39.34122748498999,0.027576695499640813,0.0,0.0,0
2025-10-22,-0.0037817161497502028,0.9985221198744768,0.0039957784797661185,-0.0046517241696747424,0.0033505934368035224,35.81344035141879,0.027576695499640813,0.0,0.0,1
2025-10-23,0.0006965288242495316,0.998455998724039,0.0034587289033170014,-0.002019861648342003,0.0029926400893828128,37.597312884213196,0.027576695499640813,0.0,0.0,1
2025-10-24,0.0008249220313640837,0.9972483209102753,0.0022331242059470094,0.004461364932168976,0.003954679305387494,39.89318949041743,0.030767177440369275,0.0,0.0,1
2025-10-27,0.0011747476354984077,0.9971336499868072,0.002069163995394194,0.002524040857281973,0.0026531734159566736,41.7900113818344,0.030767177440369275,0.0,0.009999999999999787,1
2025-10-28,0.001724439736437322,0.997600470451047,0.002221435680226599,0.007340533669422777,0.00349348355742333,49.67817626038662,0.030767177440369275,0.0,0.0,1
2025-10-29,0.0005246466257384785,0.9989215084068822,0.000475252248395727,0.004791376857361085,0.003953442190187749,53.03645648449138,0.030767177440369275,0.0,0.0,0
2025-10-30,-0.004676089129250882,0.9993944436180807,0.002604743830035534,-0.003689796302731585,0.007503084419870681,54.44159123187055,0.030767177440369275,0.0,-0.25,0
2025-10-31,-0.0026617087187809085,0.9992665353210947,0.0027620490010843153,-0.01086655165804884,0.004669391448366342,46.352168192103356,0.030767177440369275,0.0,-0.010000000000000231,0
2025-11-03,-0.003838812718454432,0.9982758004058171,0.002783693353195236,-0.011101460028976384,0.003110412026443931,45.372555486684895,0.030767177440369275,0.0,0.010000000000000231,0
2025-11-04,-0.0007718380054315688,0.9968135999603034,0.002148099377538289,-0.010758849359114753,0.0051577368795624615,39.416603429959025,0.030767177440369275,0.0,0.0,0
2025-11-05,-0.0029173258419082915,0.9945697881696315,0.0014658837032351408,-0.009900512911576786,0.0024228915088675192,28.970837698947264,0.02825768574815979,0.0,0.0,1
2025-11-06,0.0009772937991558983,0.9933114477044843,0.0019306198589597993,-0.009622721143902835,0.004269723154418958,20.19186299104453,0.02825768574815979,0.0,0.0,1
2025-11-07,0.004561919954874316,0.9929841895069689,0.0033473193902778414,-0.005924733860507625,0.005149057392713864,34.56020132288177,0.02825768574815979,0.0,0.0,0
2025-11-10,-0.0004617997950285835,0.9935079997603306,0.0027704039504748393,-0.007549676285786733,0.003335602781042425,35.33625176896838,0.02825768574815979,0.0,0.0,1
2025-11-11,0.0011557557451913336,0.9942060699098149,0.0027215378557828374,-0.008113095314827845,0.005033162284619985,43.08513685368285,0.02825768574815979,0.0,0.0,1
2025-11-12,0.0026187998451556727,0.9960282478848471,0.0019040671525873724,-0.006037021365276063,0.002997647806320142,46.86194109676959,0.02825768574815979,0.0,0.0,1
2025-11-13,0.0004056464170609786,0.9979074643371595,0.001979271246814785,-0.0009622342079705914,0.00599296746447097,46.075550891920244,0.02825768574815979,0.0,0.009999999999999787,1
2025-11-14,0.0034314281509766342,0.9996271104873562,0.0015907841107653904,0.005141285428488684,0.003919201844634115,50.038050347146566,0.02825768574815979,0.0,0.0,0
2025-11-17,-0.0014287326216213536,1.001042611337356,0.0019058308330346403,0.007573091683786837,0.0029309320996282915,44.830807978226424,0.02825768574815979,0.0,0.0,0
2025-11-18,-0.002132669270616838,1.0018512838162208,0.0024347136221218317,0.006200895605580126,0.0028628354690864166,40.92639267527391,0.02825768574815979,0.0,0.0,0
2025-11-19,-0.0008106653194661639,1.0018254361756942,0.002186820644642443,0.008326821328046297,0.005371592535910462,46.595829566375926,0.02825768574815979,0.0,0.0,0
2025-11-20,-0.0034967590310897023,1.0012289881653393,0.0026129799029973927,0.0038199184275291564,0.0037780090434638893,45.26010409852385,0.02825768574815979,0.10000000000000053,0.0,0
2025-11-21,-0.0005306256310669832,0.9999068454138783,0.0011880090811621333,-0.0012688656415481558,0.005190841398742937,51.09675969222494,0.02825768574815979,0.10000000000000053,0.0,0
2025-11-24,-0.0023360129840279686,0.9985804289687839,0.0012091574998632157,-0.003141565518246292,0.004214523864156087,48.16975806146465,0.02825768574815979,0.10000000000000053,0.0,1
2025-11-25,0.0010828438194874224,0.9979294774854103,0.0017589046878433905,-0.0032141644796918056,0.006192841734740739,55.874992394897475,0.02825768574815979,0.10000000000000053,0.0,1
2025-11-26,0.0038857634592328605,0.9980483526027464,0.0029089716528387316,-0.0019545717163935716,0.004553724767914861,60.39464103684288,0.02825768574815979,0.10000000000000053,0.0,1
2025-11-27,0.0032254476698920787,0.9991172450494413,0.002585414296272975,0.0008585768890105872,0.0033265588364030916,58.473900181315,0.02825768574815979,0.10000000000000053,0.0,0
2025-11-28,-0.00019717279488074002,1.000128792369398,0.002537812389195266,-0.002760720132073513,0.004255620455794319,59.04980340760157,0.02825768574815979,0.10000000000000053,0.010000000000000231,1
2025-12-01,0.00013914779273482836,1.0014348161375308,0.0018367405662632486,-0.0011949311028773835,0.005331270040171537,57.43563237733491,0.02825768574815979,0.10000000000000053,0.0,1
2025-12-02,0.0005340106853513049,1.0025662311025043,0.001892945183427671,0.001474254845118983,0.002658563868179105,53.68891407646367,0.02825768574815979,0.10000000000000053,0.0,1
2025-12-03,0.0017441337417734015,1.0030395169340445,0.0014016135001124832,0.004034896154357703,0.004098339227378579,56.179928226704625,0.025050483344446484,0.10000000000000053,0.0,1
2025-12-04,0.003348405480923855,1.0034203695382535,0.001448752435690394,0.010931796994636311,0.0024505316109688343,56.05176172726634,0.025050483344446484,0.10000000000000053,0.0,0
2025-12-05,-0.002060723075929638,1.0037564805277444,0.0020037192602553383,0.009384151614818093,0.003683746219803479,54.64408146803791,0.025050483344446484,0.10000000000000053,0.0,0
2025-12-08,-0.00022115992647664395,1.0040080889440535,0.002036978224770167,0.01152384913529425,0.004776165320023661,59.080800593031874,0.025050483344446484,0.10000000000000053,0.0,1
2025-12-09,0.00010466455726287904,1.004226142754125,0.0020530738360420237,0.010535467745503846,0.0034198790646712165,61.361981390749314,0.025050483344446484,0.10000000000000053,0.0,0
2025-12-10,-0.0011278422618286044,1.004056384538659,0.0020487751009235413,0.005488652074997491,0.0030176730087417792,68.42260905304417,0.025050483344446484,0.10000000000000053,0.0,1
2025-12-11,0.006271748856121917,1.0041775112653089,0.00328454944190475,0.00854182549745297,0.0065281038139456795,77.3574273930363,0.025050483344446484,0.10000000000000053,-0.25,1
2025-12-12,0.003263644397137,1.005377631156215,0.003064709706859919,0.012032892729486822,0.0022633598805168573,86.69325926652729,0.025050483344446484,0.10000000000000053,0.0,0
2025-12-15,-0.00015262371126645302,1.006525873609681,0.003054338314672697,0.011737651452448539,0.003586239872536193,85.64108172288272,0.025050483344446484,0.10000000000000053,0.0,1
2025-12-16,0.0014458302179327642,1.007763023777293,0.002939005632937348,0.01265968123113681,0.004989816927813468,84.2025429591657,0.025050483344446484,0.2999999999999998,0.0,0
2025-12-17,-0.00043476576500012243,1.0091177396202273,0.002769593459750128,0.010457039253367384,0.004544654402637123,80.04491607402403,0.025050483344446484,0.2999999999999998,0.0,0
2025-12-18,-0.0006105804521927549,1.0089495725617637,0.00164778567276594,0.006470004258773088,0.0038708949087919945,78.4811453845274,0.02714566064448043,0.2999999999999998,0.0,0
2025-12-19,-0.0014187562314870172,1.007885717523858,0.0010505020892795668,0.00711745885606252,0.002846932179717334,73.41944011113259,0.02714566064448043,0.1999999999999993,0.0,0
2025-12-22,-0.001498647547091836,1.0065124602200035,0.00118786483440625,0.005830594166968517,0.00507419415502439,68.15859919562378,0.02714566064448043,0.1999999999999993,0.0,1
2025-12-23,0.00494162732000869,1.0056466686970977,0.0026948415482398523,0.010695250139520995,0.0033400219554315883,71.9707663585447,0.02714566064448043,0.1999999999999993,0.0,1
2025-12-24,0.002512564596030664,1.0054415831348185,0.0028408300840115207,0.014378746462158754,0.002958626526231875,71.10885125356906,0.02714566064448043,0.1999999999999993,0.0,0
2025-12-26,-0.000860452476322382,1.0053899749255695,0.002873532878670825,0.007189084767547316,0.003085589321767136,74.50495049504951,0.02714566064448043,0.1999999999999993,0.0,0
2025-12-29,-0.0010712826260231845,1.0054518032883883,0.0028119576195027225,0.0028371966019848927,0.0029306309666090134,72.01670053516183,0.02714566064448043,0.1999999999999993,0.0,1
2025-12-30,1.1847274655973905e-05,1.0058223760500877,0.0025736706450789036,0.0030021594016642617,0.00298568035864617,71.91602197644926,0.02714566064448043,0.1999999999999993,0.0,0
