feature,adf_statistic,p_value,n_obs,used_lag,critical_1%,critical_5%,critical_10%,stationary_at_5%
Return,-13.6619,0.0,5446,30,-3.4316,-2.8621,-2.5671,True
SMA_ratio,-11.4516,0.0,5444,32,-3.4316,-2.8621,-2.5671,True
Volatility_5D,-6.7259,0.0,5449,27,-3.4316,-2.8621,-2.5671,True
Momentum_10D,-10.4694,0.0,5443,33,-3.4316,-2.8621,-2.5671,True
Daily_Range,-6.5321,0.0,5447,29,-3.4316,-2.8621,-2.5671,True
RSI_14,-10.6823,0.0,5443,33,-3.4316,-2.8621,-2.5671,True
CPI_YoY,-3.2302,0.018302,5452,24,-3.4315,-2.8621,-2.5671,True
UNRATE_Diff,-11.5566,0.0,5443,33,-3.4316,-2.8621,-2.5671,True
Rate_Differential_Change,-11.1807,0.0,5444,32,-3.4316,-2.8621,-2.5671,True
